﻿pos_x,pos_y,rotation,side,designator,mpn,pack,footprint,value,mount_type
145.196283,-41.329283,180.0,top,AE1,,,ANT_1575AT_JOT,1575AT43A0040,smt
153.911023,-97.80779,0.0,top,AE2,,,Antenna_Whip,TX Antenna,smt
150.25,-74.9,-90.0,bottom,BT1,,,BAT_53,BK-53,smt
144.502577,-53.840497,-90.0,top,C1,,,C_0402_1005Metric_Pad0.74x0.62mm_HandSolder,10uF,smt
151.25,-76.75,-90.0,top,C10,,,C_0402_1005Metric_Pad0.74x0.62mm_HandSolder,100 nF,smt
149.681921,-77.094782,180.0,top,C11,,,C_0402_1005Metric_Pad0.74x0.62mm_HandSolder,1uF,smt
143.501509,-78.161401,-90.0,top,C12,,,C_0603_1608Metric_Pad1.08x0.95mm_HandSolder,10 uF,smt
156.52,-88.06,180.0,top,C14,,,C_0402_1005Metric_Pad0.74x0.62mm_HandSolder,10uF,smt
156.0,-91.47125,-90.0,top,C15,,,C_0402_1005Metric_Pad0.74x0.62mm_HandSolder,9.1 pF,smt
157.020822,-91.468499,90.0,top,C16,,,C_0402_1005Metric_Pad0.74x0.62mm_HandSolder,100nF,smt
127.920231,-92.697138,90.0,top,C17,,,C_0402_1005Metric_Pad0.74x0.62mm_HandSolder,100 nF,smt
129.931512,-92.703313,90.0,top,C18,,,C_0402_1005Metric_Pad0.74x0.62mm_HandSolder,1uF,smt
135.871627,-98.032616,-90.0,top,C19,,,C_0402_1005Metric_Pad0.74x0.62mm_HandSolder,4.7 nF,smt
142.894561,-55.018579,180.0,top,C2,,,C_0402_1005Metric_Pad0.74x0.62mm_HandSolder,1uF,smt
154.418155,-95.216644,180.0,top,C20,,,C_0402_1005Metric_Pad0.74x0.62mm_HandSolder,8 pF,smt
149.27478,-95.423279,0.0,top,C21,,,C_0402_1005Metric_Pad0.74x0.62mm_HandSolder,100 pF,smt
130.482267,-96.192151,0.0,top,C22,,,C_0402_1005Metric_Pad0.74x0.62mm_HandSolder,1uF,smt
147.25,-97.5,180.0,top,C23,,,C_0402_1005Metric_Pad0.74x0.62mm_HandSolder,100nF,smt
154.41,-97.62125,180.0,top,C24,,,C_0402_1005Metric_Pad0.74x0.62mm_HandSolder,6 pF,smt
130.497092,-98.186046,180.0,top,C25,,,C_0402_1005Metric_Pad0.74x0.62mm_HandSolder,100 nF,smt
147.25,-99.5,0.0,top,C26,,,C_0402_1005Metric_Pad0.74x0.62mm_HandSolder,100 nF,smt
154.41341,-100.215963,180.0,top,C27,,,C_0402_1005Metric_Pad0.74x0.62mm_HandSolder,5 pF,smt
151.725,-42.855,135.0,top,C28,,,C_0402_1005Metric_Pad0.74x0.62mm_HandSolder,1.5pF,smt
145.44,-58.84,135.0,top,C3,,,C_0402_1005Metric_Pad0.74x0.62mm_HandSolder,1uF,smt
155.395,-65.255,0.0,top,C4,,,C_0603_1608Metric_Pad1.08x0.95mm_HandSolder,22uF,smt
155.895,-66.505,0.0,top,C5,,,C_0402_1005Metric_Pad0.74x0.62mm_HandSolder,100nF,smt
150.395,-69.505,-90.0,top,C6,,,C_0402_1005Metric_Pad0.74x0.62mm_HandSolder,100 nF,smt
149.145,-69.755,-90.0,top,C7,,,C_0603_1608Metric_Pad1.08x0.95mm_HandSolder,10 uF,smt
156.395,-69.755,-90.0,top,C8,,,C_0402_1005Metric_Pad0.74x0.62mm_HandSolder,100nF,smt
149.681921,-76.133145,0.0,top,C9,,,C_0402_1005Metric_Pad0.74x0.62mm_HandSolder,100nF,smt
143.75,-106.25,-90.0,top,D1,,,LED_0805_2012Metric_Pad1.15x1.40mm_HandSolder,Success,smt
145.75,-106.25,-90.0,top,D2,,,LED_0805_2012Metric_Pad1.15x1.40mm_HandSolder,Error,smt
147.75,-106.25,-90.0,top,D3,,,LED_0805_2012Metric_Pad1.15x1.40mm_HandSolder,Power,smt
127.865,-97.365,90.0,top,FB1,,,R_0603_1608Metric_Pad0.98x0.95mm_HandSolder,BLM18AG121SN1D,smt
142.294431,-63.452157,180.0,top,J1,,,PinHeader_1x03_P2.54mm_Vertical,Power Ext,tht
160.38,-71.29,0.0,top,J2,,,PinHeader_1x04_P2.54mm_Vertical,GPIO,tht
160.38,-82.59,0.0,top,J3,,,PinHeader_1x04_P2.54mm_Vertical,I2C,tht
142.25,-84.21,0.0,top,J4,,,PinHeader_1x04_P2.54mm_Vertical,USB,tht
136.2413,-87.746215,-90.0,top,J5,,,PinHeader_1x04_P2.54mm_Vertical,USB Breakout,tht
160.38,-94.065,0.0,top,J6,,,PinHeader_1x05_P2.54mm_Vertical,SPI,tht
132.676776,-103.010139,0.0,top,J7,,,USB_C_Receptacle_GCT_USB4105-xx-A_16P_TopMnt_Horizontal,USBC,smt
144.8,-103.79,180.0,bottom,J8,,,PinHeader_2x05_P1.27mm_Vertical_SMD,SWD,smt
151.021015,-41.207033,-135.0,top,L1,,,L_0402_1005Metric_Pad0.77x0.64mm_HandSolder,3.9 nH,smt
150.815,-65.005,180.0,top,L2,,,LPS3015222MRB,2.2uH,smt
156.517022,-89.867029,180.0,top,L3,,,L_0402_1005Metric_Pad0.77x0.64mm_HandSolder,220 nH,smt
156.0,-93.89875,-90.0,top,L4,,,L_0402_1005Metric_Pad0.77x0.64mm_HandSolder,14 nH,smt
156.0,-96.39875,-90.0,top,L5,,,L_0402_1005Metric_Pad0.77x0.64mm_HandSolder,14 nH,smt
156.0,-98.89875,-90.0,top,L6,,,L_0402_1005Metric_Pad0.77x0.64mm_HandSolder,14 nH,smt
156.0,-101.47125,-90.0,top,L7,,,L_0402_1005Metric_Pad0.77x0.64mm_HandSolder,14 nH,smt
153.235,-43.655,-135.0,top,L8,,,L_0402_1005Metric_Pad0.77x0.64mm_HandSolder,3.9 nH,smt
144.509334,-51.589349,-90.0,top,R1,,,R_0402_1005Metric_Pad0.72x0.64mm_HandSolder,10k,smt
134.017676,-98.047671,-90.0,top,R10,,,R_0402_1005Metric_Pad0.72x0.64mm_HandSolder,5k1,smt
136.931918,-98.04558,90.0,top,R11,,,R_0402_1005Metric_Pad0.72x0.64mm_HandSolder,1M,smt
132.945858,-98.057619,-90.0,top,R12,,,R_0402_1005Metric_Pad0.72x0.64mm_HandSolder,5k1,smt
145.709462,-103.165015,90.0,top,R13,,,R_0402_1005Metric_Pad0.72x0.64mm_HandSolder,330,smt
147.789462,-103.175015,90.0,top,R14,,,R_0402_1005Metric_Pad0.72x0.64mm_HandSolder,330,smt
142.11,-105.81,-90.0,top,R15,,,R_0402_1005Metric_Pad0.72x0.64mm_HandSolder,330,smt
142.872072,-54.041843,180.0,top,R2,,,R_0402_1005Metric_Pad0.72x0.64mm_HandSolder,10k,smt
152.974335,-72.431865,0.0,top,R3,,,R_0402_1005Metric_Pad0.72x0.64mm_HandSolder,1M,smt
155.235148,-72.439291,0.0,top,R4,,,R_0402_1005Metric_Pad0.72x0.64mm_HandSolder,180k,smt
145.743549,-74.699191,0.0,top,R5,,,R_0402_1005Metric_Pad0.72x0.64mm_HandSolder,1M,smt
145.744657,-75.654572,180.0,top,R6,,,R_0402_1005Metric_Pad0.72x0.64mm_HandSolder,1M,smt
152.874671,-77.296768,0.0,top,R7,,,R_0402_1005Metric_Pad0.72x0.64mm_HandSolder,220,smt
157.0,-80.25,90.0,top,R8,,,R_0402_1005Metric_Pad0.72x0.64mm_HandSolder,1.8k,smt
157.01,-82.49,90.0,top,R9,,,R_0402_1005Metric_Pad0.72x0.64mm_HandSolder,1.8k,smt
142.519224,-69.750085,-90.0,top,SW1,,,SW_SPDT_PCM12,Power Switch,smt
142.42,-99.05,90.0,top,SW2,,,SW_Tactile_SPST_NO_Straight_CK_PTS636Sx25SMTRLFS,RST,smt
142.41022,-52.10447,90.0,top,U1,,,Bosch_LGA-8_2.5x2.5mm_P0.65mm_ClockwisePinNumbering,BME280,smt
152.0,-56.5,90.0,top,U2,,,ATGM336H,ATGM336H,smt
153.635,-69.755,-90.0,top,U3,,,Texas_S-PVSON-N10_ThermalVias,TPS61200DRC,smt
145.6,-78.19,-90.0,top,U4,,,ECS-327TXO-2012,ECS-327TXO-2012,smt
150.75,-83.0,-90.0,top,U5,,,TQFP-48_7x7mm_P0.5mm,ATSAMD21G18A-A,smt
152.5,-92.0,180.0,top,U6,SI4063-C2A-GMR,,QFN-20-1EP_4x4mm_P0.5mm_EP2.5x2.5mm_ThermalVias,SI4063,smt
133.535,-92.09,180.0,top,U7,,,MCP1700,Linear Step-Down,smt
146.825696,-94.546174,-90.0,top,U8,,,ECS-TXO-20CSMV4,~,smt
