﻿Designator,Quantity,Value,Footprint,Package,MPN,DNP,Mount_Type,Description,LCSC,Arrow Part Number,Arrow Price/Stock,Height,Manufacturer_Name,Mouser Part Number,Mouser Price/Stock
AE1,1,1575AT43A0040,ANT_1575AT_JOT,,,,smt,Antenna,C239243,,,,,,
AE2,1,TX Antenna,Antenna_Whip,,,Yes,smt,Antenna with extra pin for shielding,,,,,,,
BT1,1,BK-53,BAT_53,,,,smt,Single-cell battery,,,,,,,
"C1, C14",2,10uF,C_0402_1005Metric_Pad0.74x0.62mm_HandSolder,,,,smt,"Unpolarized capacitor, small symbol",C19702,,,,,,
"C10, C17, C25, C26, C6",5,100 nF,C_0402_1005Metric_Pad0.74x0.62mm_HandSolder,,,,smt,"Unpolarized capacitor, small symbol",C1525,,,,,,
"C11, C18, C2, C22, C3",5,1uF,C_0402_1005Metric_Pad0.74x0.62mm_HandSolder,,,,smt,"Unpolarized capacitor, small symbol",C52923,,,,,,
"C12, C7",2,10 uF,C_0603_1608Metric_Pad1.08x0.95mm_HandSolder,,,,smt,"Unpolarized capacitor, small symbol",C19702,,,,,,
C15,1,9.1 pF,C_0402_1005Metric_Pad0.74x0.62mm_HandSolder,,,,smt,"Polarized capacitor, small US symbol",C161337,,,,,,
"C16, C23, C5, C8, C9",5,100nF,C_0402_1005Metric_Pad0.74x0.62mm_HandSolder,,,,smt,"Unpolarized capacitor, small symbol",C1525,,,,,,
C19,1,4.7 nF,C_0402_1005Metric_Pad0.74x0.62mm_HandSolder,,,,smt,"Unpolarized capacitor, small symbol",C1744,,,,,,
C20,1,8 pF,C_0402_1005Metric_Pad0.74x0.62mm_HandSolder,,,,smt,"Polarized capacitor, small US symbol",C1548,,,,,,
C21,1,100 pF,C_0402_1005Metric_Pad0.74x0.62mm_HandSolder,,,,smt,"Unpolarized capacitor, small symbol",C1546,,,,,,
C24,1,6 pF,C_0402_1005Metric_Pad0.74x0.62mm_HandSolder,,,,smt,"Polarized capacitor, small US symbol",C1547,,,,,,
C27,1,5 pF,C_0402_1005Metric_Pad0.74x0.62mm_HandSolder,,,,smt,"Polarized capacitor, small US symbol",C32949,,,,,,
C28,1,1.5pF,C_0402_1005Metric_Pad0.74x0.62mm_HandSolder,,,,smt,"Unpolarized capacitor, small symbol",C1525,,,,,,
C4,1,22uF,C_0603_1608Metric_Pad1.08x0.95mm_HandSolder,,,,smt,"Unpolarized capacitor, small symbol",C59461,,,,,,
D1,1,Success,LED_0805_2012Metric_Pad1.15x1.40mm_HandSolder,,,,smt,Light emitting diode,C2297,,,,,,
D2,1,Error,LED_0805_2012Metric_Pad1.15x1.40mm_HandSolder,,,,smt,Light emitting diode,C84256,,,,,,
D3,1,Power,LED_0805_2012Metric_Pad1.15x1.40mm_HandSolder,,,,smt,Light emitting diode,C84256,,,,,,
FB1,1,BLM18AG121SN1D,R_0603_1608Metric_Pad0.98x0.95mm_HandSolder,,,,smt,"Ferrite bead, small symbol",C76892,,,,,,
J1,1,Power Ext,PinHeader_1x03_P2.54mm_Vertical,,,Yes,tht,"Generic connector, single row, 01x03, script generated (kicad-library-utils/schlib/autogen/connector/)",,,,,,,
J2,1,GPIO,PinHeader_1x04_P2.54mm_Vertical,,,Yes,tht,"Generic connector, single row, 01x04, script generated (kicad-library-utils/schlib/autogen/connector/)",,,,,,,
J3,1,I2C,PinHeader_1x04_P2.54mm_Vertical,,,Yes,tht,"Generic connector, single row, 01x04, script generated (kicad-library-utils/schlib/autogen/connector/)",,,,,,,
J4,1,USB,PinHeader_1x04_P2.54mm_Vertical,,,Yes,tht,"Generic connector, single row, 01x04, script generated (kicad-library-utils/schlib/autogen/connector/)",,,,,,,
J5,1,USB Breakout,PinHeader_1x04_P2.54mm_Vertical,,,Yes,tht,"Generic connector, single row, 01x04, script generated (kicad-library-utils/schlib/autogen/connector/)",,,,,,,
J6,1,SPI,PinHeader_1x05_P2.54mm_Vertical,,,Yes,tht,"Generic connector, single row, 01x05, script generated (kicad-library-utils/schlib/autogen/connector/)",,,,,,,
J7,1,USBC,USB_C_Receptacle_GCT_USB4105-xx-A_16P_TopMnt_Horizontal,,,,smt,USB 2.0-only Type-C Receptacle connector,C136423,,,,,,
J8,1,SWD,PinHeader_2x05_P1.27mm_Vertical_SMD,,,Yes,smt,"Generic connector, double row, 02x05, odd/even pin numbering scheme (row 1 odd numbers, row 2 even numbers), script generated (kicad-library-utils/schlib/autogen/connector/)",,,,,,,
JP1,1,Switch EN,SolderJumper-2_P1.3mm_Open_Pad1.0x1.5mm,,,Yes,tht,"Jumper, 2-pole, open",,,,,,,
"L1, L8",2,3.9 nH,L_0402_1005Metric_Pad0.77x0.64mm_HandSolder,,,,smt,Inductor,C307609,,,,,,
L2,1,2.2uH,LPS3015222MRB,,,,smt,Inductor,C2844756,,,,,,
L3,1,220 nH,L_0402_1005Metric_Pad0.77x0.64mm_HandSolder,,,,smt,Inductor,C275307,,,,,,
"L4, L5, L6, L7",4,14 nH,L_0402_1005Metric_Pad0.77x0.64mm_HandSolder,,,,smt,Inductor,[L4]C307609; [L5]C341687; [L6]C167476; [L7]C86129,,,,,,
"R1, R2",2,10k,R_0402_1005Metric_Pad0.72x0.64mm_HandSolder,,,,smt,"Resistor, small US symbol",C25744,,,,,,
"R10, R12",2,5k1,R_0402_1005Metric_Pad0.72x0.64mm_HandSolder,,,,smt,"Resistor, small US symbol",C27834,,,,,,
"R11, R3, R5, R6",4,1M,R_0402_1005Metric_Pad0.72x0.64mm_HandSolder,,,,smt,"Resistor, small US symbol",C26083,,,,,,
"R13, R14, R15",3,330,R_0402_1005Metric_Pad0.72x0.64mm_HandSolder,,,,smt,"Resistor, small US symbol",C23138,,,,,,
R4,1,180k,R_0402_1005Metric_Pad0.72x0.64mm_HandSolder,,,,smt,"Resistor, small US symbol",C100276,,,,,,
R7,1,220,R_0402_1005Metric_Pad0.72x0.64mm_HandSolder,,,,smt,"Resistor, small US symbol",C25091,,,,,,
"R8, R9",2,1.8k,R_0402_1005Metric_Pad0.72x0.64mm_HandSolder,,,,smt,"Resistor, small US symbol",C4177,,,,,,
SW1,1,Power Switch,SW_SPDT_PCM12,,,,smt,"Switch, single pole double throw",C963206,,,,,,
SW2,1,RST,SW_Tactile_SPST_NO_Straight_CK_PTS636Sx25SMTRLFS,,,,smt,"Push button switch, generic, two pins",C2888954,,,,,,
U1,1,BME280,Bosch_LGA-8_2.5x2.5mm_P0.65mm_ClockwisePinNumbering,,,,smt,"3-in-1 sensor, humidity, pressure, temperature, I2C and SPI interface, 1.71-3.6V, LGA-8",C92489,,,,,,
U2,1,ATGM336H,ATGM336H,,,,smt,"GNSS Module MAX M10, VCC 1.65V to 3.6V",C5117921,,,,,,
U3,1,TPS61200DRC,Texas_S-PVSON-N10_ThermalVias,,,,smt,"Low Input Voltage Synchronous Boost Converter With 1.3A Switches, Adjustable Output Voltage, 0.3-5.5V Input Voltage, VSON-10",C140320,,,,,,
U4,1,ECS-327TXO-2012,ECS-327TXO-2012,,,,smt,,C213398,,,,,,
U5,1,ATSAMD21G18A-A,TQFP-48_7x7mm_P0.5mm,,,,smt,"SAM D21 Microchip SMART ARM-based Flash MCU, 48Mhz, 256K Flash, 32K SRAM, TQFP-48",C78624,,,,,,
U6,1,SI4063,QFN-20-1EP_4x4mm_P0.5mm_EP2.5x2.5mm_ThermalVias,,SI4063-C2A-GMR,,smt,RF Transmitter TX SubG +20dBm,,SI4063-C2A-GMR,https://www.arrow.com/en/products/si4063-c2a-gmr/silicon-labs,0.9,Silicon Labs,634-SI4063-C2A-GMR,https://www.mouser.co.uk/ProductDetail/Silicon-Labs/SI4063-C2A-GMR?qs=p9T7GgSe1IEo9kGzXb2%252Biw%3D%3D
U7,1,Linear Step-Down,MCP1700,,,,smt,"250mA Low Quiscent Current LDO, 3.3V output, SOT-23",C632000,,,,,,
U8,1,~,ECS-TXO-20CSMV4,,,,smt,,C135223,,,,,,
